COOP,SILO NAME
AFGRI,Afrikaskop silo
AFGRI,Amersfoort silo
AFGRI,Argent silo
AFGRI,Arnot silo
AFGRI,Bakenlaagte Bunker
AFGRI,Balfour Silo
AFGRI,Bapsfontein Bunker
AFGRI,Battery silo
AFGRI,Beestekraal silo
AFGRI,Bergville silo
AFGRI,Bethal silo
AFGRI,Bethlehem silo
AFGRI,Bloedrivier silo
AFGRI,Bloekomspruit silo
AFGRI,Brakfontein Bunker
AFGRI,Brits silo
AFGRI,Bronkhorstspruit silo
AFGRI,Carolina silo
AFGRI,Chelmsforddam Bunker
AFGRI,Dannhauser silo
AFGRI,Davel silo
AFGRI,Delmas Bunker
AFGRI,Dennegeur Bunker
AFGRI,Devon silo
AFGRI,Driefontein silo
AFGRI,Dryden silo
AFGRI,Dundee silo
AFGRI,Eenboom Bunker
AFGRI,Eensgezindt Bunker
AFGRI,Eeram silo
AFGRI,Eloff silo
AFGRI,Endicott silo
AFGRI,Ermelo silo
AFGRI,Estancia silo
AFGRI,Glenroy silo
AFGRI,Goeiehoek silo
AFGRI,Greylingstad silo
AFGRI,Grootvlei silo
AFGRI,Harrismith silo
AFGRI,Harvard silo
AFGRI,Hawerklip silo
AFGRI,Hendriksvallei Bunker
AFGRI,Holmdene silo
AFGRI,Kaalfontein silo
AFGRI,Kaallaagte silo
AFGRI,Kendal silo
AFGRI,Kinross Bunker
AFGRI,Kinross silo
AFGRI,Klipfontein Bunker
AFGRI,Kliprivier bunker
AFGRI,Kortlaagte Bunker
AFGRI,Kransfontein silo
AFGRI,Leeuspruit silo
AFGRI,Leslie silo
AFGRI,Libertas silo
AFGRI,Lothair silo
AFGRI,Lydenburg silo
AFGRI,Maizefield silo
AFGRI,Marble Hall silo
AFGRI,MARQUARD silo
AFGRI,Meets silo
AFGRI,Meyerton Bunker
AFGRI,Middelburg silo
AFGRI,Mispah silo
AFGRI,Monte Video silo
AFGRI,Morgenzon silo
AFGRI,NEXSTOR HOLFONTEIN DEPOT
AFGRI,Nigel silo
AFGRI,Northam silo
AFGRI,Ogies silo
AFGRI,Overvaal silo
AFGRI,PALMIETF BKR (BALFOUR)
AFGRI,Pan silo
AFGRI,Paulpietersburg silo
AFGRI,Pietermaritzburg silo
AFGRI,Platrand silo
AFGRI,Pretoria West silo
AFGRI,Senekal silo
AFGRI,Slabberts silo
AFGRI,Standerton silo
AFGRI,Stoffberg silo
AFGRI,Trichardt silo
AFGRI,Vaaldrift Bunker
AFGRI,Val silo
AFGRI,Vlakfontein Bunker
AFGRI,Vogelvallei Bunker
AFGRI,Vryheid silo
AFGRI,Winterton Bunker
AFGRI,Winterton silo
AFGRI,Wonderfontein silo
BKB,Bloekomhoek Depot
BKB,Bultfontein Depot
BKB,Goudkop Depot
BKB,Hassiesdrift Depot
BKB,Nutopia Depot
BKB,Pampoenkraal Depot
BKB,Vlaklaagte Depot
BKB,Waterval Depot
BKB,Winterhoek Depot
BKB,Wonderfontein Depot
GRAIN MANAGEMENT,Agri-Land Silo
GRAIN MANAGEMENT,Banabatau Modderfontein
GRAIN MANAGEMENT,Bellary Silo (KB)
GRAIN MANAGEMENT,Buffalo Silo
GRAIN MANAGEMENT,Bushel Silo (KB)
GRAIN MANAGEMENT,Die Bult
GRAIN MANAGEMENT,Doornkorp Silo (KB)
GRAIN MANAGEMENT,Graanland Silo (KB)
GRAIN MANAGEMENT,Grain Handlers (KB)
GRAIN MANAGEMENT,Hanover Silo
GRAIN MANAGEMENT,Ingogo Silo Newcastle (KB)
GRAIN MANAGEMENT,JJ Potgieter Storage
GRAIN MANAGEMENT,Nexgro Holfontein Silo
GRAIN MANAGEMENT,NEXSTOR HOLFONTEIN DEPOT
GRAIN MANAGEMENT,Rossgro Silo (KB)
GRAIN MANAGEMENT,Vlakvlei Grain Handling and Storage
GRAIN MANAGEMENT,Waagkraal Depot
GWK,Barkley West
GWK,Douglas
GWK,Modderrivier
GWK,Prieska
GWK,Stoffelshoek Bunker
GWK,Trans Oranje
KAAP AGRI,Ceres
KAAP AGRI,Darling
KAAP AGRI,Doornkuil Bunker
KAAP AGRI,Eendekuil
KAAP AGRI,Klipheuwel
KAAP AGRI,Malmesbury
KAAP AGRI,Piketberg
KAAP AGRI,Pools
KAAP AGRI,Porterville
KAAP AGRI,Riebeek Wes
KAAP AGRI,Ruststasie
NWK,Baberspan
NWK,Barberspan
NWK,Biesiesvlei
NWK,Blaaubank
NWK,Bodenstein
NWK,Boons
NWK,Boschpoort
NWK,Bossies
NWK,Buhrmannsdrif
NWK,Coligny
NWK,Delareyville
NWK,Derby
NWK,Excelsior
NWK,Gerdau
NWK,Geysdorp
NWK,Grootpan
NWK,Halfpad
NWK,Hibernia
NWK,Kameel
NWK,Kleinharts
NWK,Koster
NWK,KOSTER SILO
NWK,Lichtenburg
NWK,LOTTIES HALTE
NWK,Lottieshalte
NWK,Lusthof
NWK,Madibogo
NWK,Mareetsane
NWK,Migdol
NWK,Nooitgedacht
NWK,Oppaslaagte
NWK,Ottosdal
NWK,Rostrataville
NWK,Sannieshof
NWK,Swartruggens
NWK,Syferbult
NWK,Taaiboschpan
NWK,Vermaas
OVERBERG AGRI BEDRYWE,Bergrivier
OVERBERG AGRI BEDRYWE,Bredasdorp
OVERBERG AGRI BEDRYWE,Caledon
OVERBERG AGRI BEDRYWE,Jongensklip Silo
OVERBERG AGRI BEDRYWE,Klipdale
OVERBERG AGRI BEDRYWE,KRIGE
OVERBERG AGRI BEDRYWE,Lemoenskop (Caledon Bunker)
OVERBERG AGRI BEDRYWE,Moorreesburg
OVERBERG AGRI BEDRYWE,Moravia
OVERBERG AGRI BEDRYWE,Napier
OVERBERG AGRI BEDRYWE,Ouplaas Depot
OVERBERG AGRI BEDRYWE,Protem
OVERBERG AGRI BEDRYWE,Rietpoel
OOS-VRYSTAAT KOOPERASIE,Clocolan
OOS-VRYSTAAT KOOPERASIE,Ficksburg
OOS-VRYSTAAT KOOPERASIE,Fouriesburg
OOS-VRYSTAAT KOOPERASIE,Marseilles
OOS-VRYSTAAT KOOPERASIE,Modderpoort
OOS-VRYSTAAT KOOPERASIE,Morgenzon
OOS-VRYSTAAT KOOPERASIE,Oranjerivier
OOS-VRYSTAAT KOOPERASIE,Prieska
OOS-VRYSTAAT KOOPERASIE,Thaba Nchu
OOS-VRYSTAAT KOOPERASIE,Tweespruit
OOS-VRYSTAAT KOOPERASIE,Westminster
PROCURO,Aureus
SENTRAAL-SUID KOOPERASIE,Albertinia
SENTRAAL-SUID KOOPERASIE,Ashton
SENTRAAL-SUID KOOPERASIE,HEIDELBERG
SENTRAAL-SUID KOOPERASIE,Karringmelksrivier
SENTRAAL-SUID KOOPERASIE,Protem
SENTRAAL-SUID KOOPERASIE,Riversdale
SENTRAAL-SUID KOOPERASIE,Swellendam
SILOSTRAT,Broodsnyers
SILOSTRAT,De Vale
SILOSTRAT,Delpa
SILOSTRAT,Groot Saxony
SILOSTRAT,Helpmekaar
SILOSTRAT,Kleinhoek
SILOSTRAT,Mispah
SILOSTRAT,Sarbyn
SILOSTRAT,Schoongesicht
SILOSTRAT,Theronia
SILOSTRAT,Vyfsusters
SENWES,Allanridge
SENWES,Amalia
SENWES,Arlington
SENWES,Attie
SENWES,Bamboesspruit
SENWES,Bloemfontein
SENWES,Bloemhof
SENWES,Bothaville Silo nr 2
SENWES,Brandfort
SENWES,Buckingham Silo
SENWES,Bultfontein
SENWES,Christiana Silo
SENWES,De Brug Silo
SENWES,Enselspruit Silo
SENWES,Geneva
SENWES,Gottenburg
SENWES,Groenebloem Silo
SENWES,Hallatshope
SENWES,Hartbeesfontein
SENWES,Hartswater
SENWES,Heilbron Silo
SENWES,Hennenman
SENWES,Hertzogville
SENWES,Heuningspruit
SENWES,Hoogte
SENWES,Hoopstad Silo
SENWES,Jan Kempdorp
SENWES,Kameel
SENWES,Kingswood
SENWES,Koppies Silo
SENWES,Kroonstad
SENWES,Leeudoringstad Silo
SENWES,Losdoorns
SENWES,Magogong Silo
SENWES,Makokskraal Silo
SENWES,Makwassie Silo
SENWES,Melliodora
SENWES,Middelvlei Silo
SENWES,Migdol
SENWES,Mirage
SENWES,Mooigelee
SENWES,Oberholzer Silo
SENWES,Odendaalsrus
SENWES,Petrusburg
SENWES,Poppieland Bunker
SENWES,Potchefstroom Silo
SENWES,Protespan
SENWES,Raathsvlei Silo
SENWES,Regina
SENWES,Rooiwal
SENWES,Schoonspruit
SENWES,Schuttesdraai Silo
SENWES,Schweizer Reneke Silo
SENWES,Steynsrus
SENWES,Strydpoort Silo
SENWES,Theunissen Silo
SENWES,Tierfontein Silo
SENWES,Van Tonder Silo
SENWES,Ventersdorp Silo
SENWES,Vierfontein
SENWES,Viljoenskroon
SENWES,Vredefort
SENWES,Vryburg
SENWES,Weiveld
SENWES,Welgelee
SENWES,Werda
SENWES,Wesselsbron
SENWES,Willemsrust Silo
SENWES,Winburg Silo
SENWES,Wolmaransstad Silo
SENWES,Wolwehoek
TWK,Mkondo
TWK,Panbult
TWK,Rietspruit Bunker
VKB,Ascent
VKB,Cornelia
VKB,Danielsrus
VKB,Frankfort
VKB,Jim Fouche
VKB,Lehau
VKB,Memel
VKB,Naboomspruit
VKB,Nutfield
VKB,Nylstroom
VKB,Petrus Steyn
VKB,Reitz
VKB,Roedtan
VKB,Settlers
VKB,Tweeling
VKB,Villiers
VKB,Vrede
VKB,Warden
VKB,Warmbad
VKB,Wilgerspruit Bunker
VKB,Windfield
Vuma,Vergenoeg silo
Sbusiso,Vergenoeg silo
COFCO,Goedgedacht Depot
MILNER Trust,Bultfontein
JJ,Featherbrooke